target,model,r,r2,mae,perm_r,perm_p
combined,ridge,0.2878567170945251,-0.4285124413564574,0.824569149391364,0.2878567170945251,0.10418958104189581
combined,elasticnet,0.1501091643849351,-1.1478321843343626,0.9498044369480453,0.1501091643849351,0.39866013398660133
combined,lasso,0.07615837959830174,-1.7808846256452773,1.0686222758420179,0.07615837959830177,0.7027297270272973
neg,elasticnet,0.5602852487206696,0.12858581361460264,3.3618255607791294,0.5602852487206699,0.0015998400159984002
neg,lasso,0.49734651196345453,-0.25731123445450255,4.095496331034101,0.4973465119634543,0.0034996500349965005
neg,ridge,0.43918190068421387,-0.0701440137214715,3.6532867040468506,0.4391819006842139,0.0160983901609839
pos,lasso,-0.171971831168002,-0.34782424330469364,5.4512945228945675,-0.171971831168002,0.34436556344365565
pos,elasticnet,-0.16133828036763256,-0.36071259570377356,5.458584378798802,-0.16133828036763256,0.37196280371962803
pos,ridge,-0.14456712816371703,-0.19766827880934867,5.242754107225545,-0.14456712816371703,0.42475752424757524
